7;11:30;FSSP;\\sasdm1\erxternal\jober\evday\jobs\1\fssp3.sas
1;11:30;FSSP;\\sasdm1\erxternal\jober\evday\jobs\1\fssp3.sas
2;11:30;FSSP;\\sasdm1\erxternal\jober\evday\jobs\1\fssp3.sas
3;11:30;FSSP;\\sasdm1\erxternal\jober\evday\jobs\1\fssp3.sas
4;11:30;FSSP;\\sasdm1\erxternal\jober\evday\jobs\1\fssp3.sas
5;11:30;FSSP;\\sasdm1\erxternal\jober\evday\jobs\1\fssp3.sas
6;11:30;FSSP;\\sasdm1\erxternal\jober\evday\jobs\1\fssp3.sas

2;09:30;INBKI;\\sasdm1\erxternal\jober\evday\jobs\1\INBKI.sas
2;08:30;PBFL;\\sasdm1\erxternal\jober\evday\jobs\1\PBFL2.SAS
2;09:30;PSFINAL;\\sasdm1\erxternal\jober\evday\jobs\1\PSFINAL.sas
2;09:30;RBOKI;\\sasdm1\erxternal\jober\evday\jobs\1\RBOKI.sas
2;09:30;OINBKI;\\sasdm1\erxternal\jober\evday\jobs\1\OBRINBKI.sas

3;09:30;INBKI;\\sasdm1\erxternal\jober\evday\jobs\1\INBKI.sas
3;08:30;PBFL;\\sasdm1\erxternal\jober\evday\jobs\1\PBFL2.SAS
3;09:30;PSFINAL;\\sasdm1\erxternal\jober\evday\jobs\1\PSFINAL.sas
3;09:30;RBOKI;\\sasdm1\erxternal\jober\evday\jobs\1\RBOKI.sas
3;09:30;OINBKI;\\sasdm1\erxternal\jober\evday\jobs\1\OBRINBKI.sas

4;10:00;INBKI;\\sasdm1\erxternal\jober\evday\jobs\1\INBKI.sas
4;09:00;PBFL;\\sasdm1\erxternal\jober\evday\jobs\1\PBFL2.SAS
4;10:00;PSFINAL;\\sasdm1\erxternal\jober\evday\jobs\1\PSFINAL.sas
4;10:00;RBOKI;\\sasdm1\erxternal\jober\evday\jobs\1\RBOKI.sas
4;10:00;OINBKI;\\sasdm1\erxternal\jober\evday\jobs\1\OBRINBKI.sas

5;09:30;INBKI;\\sasdm1\erxternal\jober\evday\jobs\1\INBKI.sas
5;08:30;PBFL;\\sasdm1\erxternal\jober\evday\jobs\1\PBFL2.SAS
5;09:30;PSFINAL;\\sasdm1\erxternal\jober\evday\jobs\1\PSFINAL.sas
5;09:30;RBOKI;\\sasdm1\erxternal\jober\evday\jobs\1\RBOKI.sas
5;09:30;OINBKI;\\sasdm1\erxternal\jober\evday\jobs\1\OBRINBKI.sas

6;09:30;INBKI;\\sasdm1\erxternal\jober\evday\jobs\1\INBKI.sas
6;08:30;PBFL;\\sasdm1\erxternal\jober\evday\jobs\1\PBFL2.SAS
6;09:30;PSFINAL;\\sasdm1\erxternal\jober\evday\jobs\1\PSFINAL.sas
6;09:30;RBOKI;\\sasdm1\erxternal\jober\evday\jobs\1\RBOKI.sas
6;09:30;OINBKI;\\sasdm1\erxternal\jober\evday\jobs\1\OBRINBKI.sas

7;09:30;CLEAN;\\sasdm1\erxternal\jober\distrib\storage\Cleaner.sas
2;10:20;BFLRB;\\sasdm1\erxternal\Jober\DISTRIB\Storage\BFLRB.sas
3;10:20;BFLRB;\\sasdm1\erxternal\Jober\DISTRIB\Storage\BFLRB.sas
4;10:20;BFLRB;\\sasdm1\erxternal\Jober\DISTRIB\Storage\BFLRB.sas
5;10:20;BFLRB;\\sasdm1\erxternal\Jober\DISTRIB\Storage\BFLRB.sas
6;10:20;BFLRB;\\sasdm1\erxternal\Jober\DISTRIB\Storage\BFLRB.sas
1;11:00;PSFINAL;\\sasdm1\erxternal\jober\evday\jobs\1\PSFINAL.sas
7;11:00;PSFINAL;\\sasdm1\erxternal\jober\evday\jobs\1\PSFINAL.sas
1;08:30;PBFL;\\sasdm1\erxternal\jober\evday\jobs\1\PBFL2.SAS
7;08:30;PBFL;\\sasdm1\erxternal\jober\evday\jobs\1\PBFL2.SAS
7;09:30;JPSARC;\\sasdm1\erxternal\jober\evday\jobs\JPSARC.sas
7;06:10;MASSEGR;\\sasdm1\erxternal\jober\evday\jobs\MASSEGRUL.sas
3;06:10;MASSEGR;\\sasdm1\erxternal\jober\evday\jobs\MASSEGRUL.sas
5;06:10;MASSEGR;\\sasdm1\erxternal\jober\evday\jobs\MASSEGRUL.sas
6;06:10;LIQEGR;\\sasdm1\erxternal\jober\evday\jobs\LIQEGRUL.sas
2;06:10;LIQEGR;\\sasdm1\erxternal\jober\evday\jobs\LIQEGRUL.sas
4;06:10;LIQEGR;\\sasdm1\erxternal\jober\evday\jobs\LIQEGRUL.sas
6;06:10;LIQIP;\\sasdm1\erxternal\jober\evday\jobs\LIQEGRIP.sas
2;06:10;LIQIP;\\sasdm1\erxternal\jober\evday\jobs\LIQEGRIP.sas
4;06:10;LIQIP;\\sasdm1\erxternal\jober\evday\jobs\LIQEGRIP.sas

1;06:00;RKOMON;\\sasdm1\erxternal\jober\evday\jobs\RKO_MON_INN.sas
2;06:00;RKOMON;\\sasdm1\erxternal\jober\evday\jobs\RKO_MON_INN.sas
3;06:00;RKOMON;\\sasdm1\erxternal\jober\evday\jobs\RKO_MON_INN.sas
4;06:00;RKOMON;\\sasdm1\erxternal\jober\evday\jobs\RKO_MON_INN.sas
5;06:00;RKOMON;\\sasdm1\erxternal\jober\evday\jobs\RKO_MON_INN.sas
6;06:00;RKOMON;\\sasdm1\erxternal\jober\evday\jobs\RKO_MON_INN.sas
7;06:00;RKOMON;\\sasdm1\erxternal\jober\evday\jobs\RKO_MON_INN.sas

1;06:00;OFKRINN;\\sasdm1\erxternal\jober\evday\jobs\OFKR_INN.sas
2;06:00;OFKRINN;\\sasdm1\erxternal\jober\evday\jobs\OFKR_INN.sas
3;06:00;OFKRINN;\\sasdm1\erxternal\jober\evday\jobs\OFKR_INN.sas
4;06:00;OFKRINN;\\sasdm1\erxternal\jober\evday\jobs\OFKR_INN.sas
5;06:00;OFKRINN;\\sasdm1\erxternal\jober\evday\jobs\OFKR_INN.sas
6;06:00;OFKRINN;\\sasdm1\erxternal\jober\evday\jobs\OFKR_INN.sas
7;06:00;OFKRINN;\\sasdm1\erxternal\jober\evday\jobs\OFKR_INN.sas

1;19:00;VIP;\\sasdm1\erxternal\jober\evday\jobs\VIPSHARE.sas
2;19:00;VIP;\\sasdm1\erxternal\jober\evday\jobs\VIPSHARE.sas
3;19:00;VIP;\\sasdm1\erxternal\jober\evday\jobs\VIPSHARE.sas
4;19:00;VIP;\\sasdm1\erxternal\jober\evday\jobs\VIPSHARE.sas
5;19:00;VIP;\\sasdm1\erxternal\jober\evday\jobs\VIPSHARE.sas
6;19:00;VIP;\\sasdm1\erxternal\jober\evday\jobs\VIPSHARE.sas
7;19:00;VIP;\\sasdm1\erxternal\jober\evday\jobs\VIPSHARE.sas

1;19:00;OFKRM;\\sasdm1\erxternal\jober\evday\jobs\OFKR_main.sas
2;19:00;OFKRM;\\sasdm1\erxternal\jober\evday\jobs\OFKR_main.sas
3;19:00;OFKRM;\\sasdm1\erxternal\jober\evday\jobs\OFKR_main.sas
4;19:00;OFKRM;\\sasdm1\erxternal\jober\evday\jobs\OFKR_main.sas
5;19:00;OFKRM;\\sasdm1\erxternal\jober\evday\jobs\OFKR_main.sas
6;19:00;OFKRM;\\sasdm1\erxternal\jober\evday\jobs\OFKR_main.sas
7;19:00;OFKRM;\\sasdm1\erxternal\jober\evday\jobs\OFKR_main.sas

1;09:00;OGRTAX;\\sasdm1\erxternal\jober\evday\jobs\OGRTAX.sas
2;09:00;OGRTAX;\\sasdm1\erxternal\jober\evday\jobs\OGRTAX.sas
3;09:00;OGRTAX;\\sasdm1\erxternal\jober\evday\jobs\OGRTAX.sas
4;09:00;OGRTAX;\\sasdm1\erxternal\jober\evday\jobs\OGRTAX.sas
5;09:00;OGRTAX;\\sasdm1\erxternal\jober\evday\jobs\OGRTAX.sas
6;09:00;OGRTAX;\\sasdm1\erxternal\jober\evday\jobs\OGRTAX.sas
7;09:00;OGRTAX;\\sasdm1\erxternal\jober\evday\jobs\OGRTAX.sas


1;09:00;CHIK;\\sasdm1\erxternal\jober\ch\jobs\CRED_VACATION.sas
2;09:00;CHIK;\\sasdm1\erxternal\jober\ch\jobs\CRED_VACATION.sas
3;09:00;CHIK;\\sasdm1\erxternal\jober\ch\jobs\CRED_VACATION.sas
4;09:00;CHIK;\\sasdm1\erxternal\jober\ch\jobs\CRED_VACATION.sas
5;09:00;CHIK;\\sasdm1\erxternal\jober\ch\jobs\CRED_VACATION.sas
6;09:00;CHIK;\\sasdm1\erxternal\jober\ch\jobs\CRED_VACATION.sas
7;09:00;CHIK;\\sasdm1\erxternal\jober\ch\jobs\CRED_VACATION.sas

1;11:30;CFINAL;\\sasdm1\erxternal\jober\evday\jobs\CORPFINAL.sas
2;11:30;CFINAL;\\sasdm1\erxternal\jober\evday\jobs\CORPFINAL.sas
3;11:30;CFINAL;\\sasdm1\erxternal\jober\evday\jobs\CORPFINAL.sas
4;11:30;CFINAL;\\sasdm1\erxternal\jober\evday\jobs\CORPFINAL.sas
5;11:30;CFINAL;\\sasdm1\erxternal\jober\evday\jobs\CORPFINAL.sas
6;11:30;CFINAL;\\sasdm1\erxternal\jober\evday\jobs\CORPFINAL.sas
7;11:30;CFINAL;\\sasdm1\erxternal\jober\evday\jobs\CORPFINAL.sas

1;00:00;CSPISUP;\\sasdm1\erxternal\jober\evday\jobs\CSPIS_UPD.sas
2;00:00;CSPISUP;\\sasdm1\erxternal\jober\evday\jobs\CSPIS_UPD.sas
3;00:00;CSPISUP;\\sasdm1\erxternal\jober\evday\jobs\CSPIS_UPD.sas
4;00:00;CSPISUP;\\sasdm1\erxternal\jober\evday\jobs\CSPIS_UPD.sas
5;00:00;CSPISUP;\\sasdm1\erxternal\jober\evday\jobs\CSPIS_UPD.sas
6;00:00;CSPISUP;\\sasdm1\erxternal\jober\evday\jobs\CSPIS_UPD.sas
7;00:00;CSPISUP;\\sasdm1\erxternal\jober\evday\jobs\CSPIS_UPD.sas

1;00:00;FSPISUP;\\sasdm1\erxternal\jober\evday\jobs\FSPIS_UPD.sas
2;00:00;FSPISUP;\\sasdm1\erxternal\jober\evday\jobs\FSPIS_UPD.sas
3;00:00;FSPISUP;\\sasdm1\erxternal\jober\evday\jobs\FSPIS_UPD.sas
4;00:00;FSPISUP;\\sasdm1\erxternal\jober\evday\jobs\FSPIS_UPD.sas
5;00:00;FSPISUP;\\sasdm1\erxternal\jober\evday\jobs\FSPIS_UPD.sas
6;00:00;FSPISUP;\\sasdm1\erxternal\jober\evday\jobs\FSPIS_UPD.sas
7;00:00;FSPISUP;\\sasdm1\erxternal\jober\evday\jobs\FSPIS_UPD.sas